date,day,elapsed_seconds,solved,checked,revealed,streak_eligible
2018-01-01,Mon,1941,1,0,0,0
2018-01-02,Tue,2238,1,0,0,0
2018-01-03,Wed,1849,1,0,0,0
2018-01-04,Thu,3762,1,0,0,0
2018-01-05,Fri,1778,0,0,0,0
2018-01-06,Sat,3774,1,0,0,0
2018-01-07,Sun,7558,0,0,0,0
2018-01-08,Mon,1165,1,0,0,1
2018-01-09,Tue,2069,1,0,0,1
2018-01-10,Wed,2680,1,0,0,1
2018-01-11,Thu,2709,1,0,0,1
2018-01-12,Fri,3212,1,1,0,0
2018-01-13,Sat,5003,1,1,0,0
2018-01-14,Sun,42,0,0,0,0
2018-01-15,Mon,1196,1,1,0,0
2018-01-16,Tue,2611,1,1,0,0
2018-01-17,Wed,3237,1,1,1,0
2018-01-18,Thu,2603,1,1,0,0
2018-01-19,Fri,2008,0,1,0,0
2018-01-20,Sat,420,0,1,0,0
2018-01-21,Sun,4,0,0,0,0
2018-01-22,Mon,2397,1,1,0,0
2018-01-23,Tue,3819,1,1,0,0
2018-01-24,Wed,3138,1,1,0,0
2018-01-25,Thu,3457,1,1,0,0
2018-01-26,Fri,3558,1,1,1,0
2018-01-27,Sat,3179,1,1,0,0
2018-01-28,Sun,45,0,0,0,0
2018-01-29,Mon,1856,1,1,0,0
2018-01-30,Tue,2541,1,1,0,0
2018-01-31,Wed,2949,1,1,0,0
2018-02-01,Thu,4467,1,1,1,0
2018-02-02,Fri,0,0,0,0,0
2018-02-03,Sat,0,0,0,0,0
2018-02-04,Sun,28,0,0,0,0
2018-02-05,Mon,1195,1,0,0,1
2018-02-06,Tue,2907,1,1,0,0
2018-02-07,Wed,3204,1,1,0,0
2018-02-08,Thu,2683,1,1,0,0
2018-02-09,Fri,2765,0,1,0,0
2018-02-10,Sat,0,0,0,0,0
2018-02-11,Sun,0,0,0,0,0
2018-02-12,Mon,1611,1,1,0,0
2018-02-13,Tue,2485,1,1,0,0
2018-02-14,Wed,3153,1,1,0,0
2018-02-15,Thu,1494,0,1,0,0
2018-02-16,Fri,2401,0,1,0,0
2018-02-17,Sat,0,0,0,0,0
2018-02-18,Sun,0,0,0,0,0
2018-02-19,Mon,1639,1,1,0,0
2018-02-20,Tue,1784,0,1,0,0
2018-02-21,Wed,2438,1,1,1,0
2018-02-22,Thu,2718,1,1,0,0
2018-02-23,Fri,2974,1,1,0,0
2018-02-24,Sat,1560,0,1,0,0
2018-02-25,Sun,0,0,0,0,0
2018-02-26,Mon,1716,1,1,0,0
2018-02-27,Tue,2387,1,1,0,0
2018-02-28,Wed,0,0,0,0,0
2018-03-01,Thu,1389,0,1,0,0
2018-03-02,Fri,76,0,0,0,0
2018-03-03,Sat,0,0,0,0,0
2018-03-04,Sun,1639,0,1,0,0
2018-03-05,Mon,1393,1,1,0,0
2018-03-06,Tue,1973,0,1,0,0
2018-03-07,Wed,2046,0,1,0,0
2018-03-08,Thu,1995,1,1,0,0
2018-03-09,Fri,485,0,0,0,0
2018-03-10,Sat,0,0,0,0,0
2018-03-11,Sun,0,0,0,0,0
2018-03-12,Mon,1846,1,1,0,0
2018-03-13,Tue,2170,1,1,0,0
2018-03-14,Wed,2016,1,1,0,0
2018-03-15,Thu,0,0,0,0,0
2018-03-16,Fri,54,0,0,0,0
2018-03-17,Sat,0,0,0,0,0
2018-03-18,Sun,0,0,0,0,0
2018-03-19,Mon,1640,1,1,0,0
2018-03-20,Tue,1751,1,1,0,0
2018-03-21,Wed,1272,0,0,0,0
2018-03-22,Thu,2238,1,1,0,0
2018-03-23,Fri,2092,0,1,0,0
2018-03-24,Sat,0,0,0,0,0
2018-03-25,Sun,1,0,0,0,0
2018-03-26,Mon,1773,1,1,0,0
2018-03-27,Tue,2107,1,1,0,0
2018-03-28,Wed,2253,0,1,0,0
2018-03-29,Thu,2462,1,1,0,0
2018-03-30,Fri,0,0,0,0,0
2018-03-31,Sat,0,0,0,0,0
2018-04-01,Sun,5551,0,1,0,0
2018-04-02,Mon,1538,1,1,0,0
2018-04-03,Tue,3001,1,1,1,0
2018-04-04,Wed,2370,1,1,0,0
2018-04-05,Thu,1089,0,1,0,0
2018-04-06,Fri,0,0,0,0,0
2018-04-07,Sat,0,0,0,0,0
2018-04-08,Sun,5,0,0,0,0
2018-04-09,Mon,1600,1,1,0,0
2018-04-10,Tue,1960,1,1,0,0
2018-04-11,Wed,1619,1,0,0,1
2018-04-12,Thu,1894,0,1,0,0
2018-04-13,Fri,26,0,0,0,0
2018-04-14,Sat,0,0,0,0,0
2018-04-15,Sun,0,0,0,0,0
2018-04-16,Mon,1296,1,0,0,1
2018-04-17,Tue,2387,1,1,0,0
2018-04-18,Wed,2917,1,1,0,0
2018-04-19,Thu,416,0,0,0,0
2018-04-20,Fri,648,0,1,0,0
2018-04-21,Sat,850,0,0,0,0
2018-04-22,Sun,2,0,0,0,0
2018-04-23,Mon,1444,1,1,0,0
2018-04-24,Tue,1768,1,1,0,0
2018-04-25,Wed,1067,0,1,0,0
2018-04-26,Thu,1504,0,1,0,0
2018-04-27,Fri,0,0,0,0,0
2018-04-28,Sat,0,0,0,0,0
2018-04-29,Sun,0,0,0,0,0
2018-04-30,Mon,1425,1,1,0,0
2018-05-01,Tue,1252,1,1,0,0
2018-05-02,Wed,55,0,0,0,0
2018-05-03,Thu,1472,0,1,0,0
2018-05-04,Fri,2967,1,1,0,0
2018-05-05,Sat,0,0,0,0,0
2018-05-06,Sun,0,0,0,0,0
2018-05-07,Mon,1530,1,1,0,0
2018-05-08,Tue,1474,1,1,0,0
2018-05-09,Wed,2837,1,1,0,0
2018-05-10,Thu,2221,1,1,0,0
2018-05-11,Fri,1030,0,1,0,0
2018-05-12,Sat,0,0,0,0,0
2018-05-13,Sun,0,0,0,0,0
2018-05-14,Mon,1254,1,1,0,0
2018-05-15,Tue,1964,1,1,0,0
2018-05-16,Wed,2884,1,1,1,0
2018-05-17,Thu,0,0,0,0,0
2018-05-18,Fri,0,0,0,0,0
2018-05-19,Sat,0,0,0,0,0
2018-05-20,Sun,0,0,0,0,0
2018-05-21,Mon,1288,0,0,0,0
2018-05-22,Tue,2062,1,1,0,0
2018-05-23,Wed,2113,1,1,0,0
2018-05-24,Thu,0,0,0,0,0
2018-05-25,Fri,0,0,0,0,0
2018-05-26,Sat,0,0,0,0,0
2018-05-27,Sun,0,0,0,0,0
2018-05-28,Mon,1822,1,1,0,0
2018-05-29,Tue,1830,1,1,0,0
2018-05-30,Wed,0,0,0,0,0
2018-05-31,Thu,0,0,0,0,0
2018-06-01,Fri,0,0,0,0,0
2018-06-02,Sat,0,0,0,0,0
2018-06-03,Sun,0,0,0,0,0
2018-06-04,Mon,1346,1,0,0,1
2018-06-05,Tue,2388,1,1,0,0
2018-06-06,Wed,2271,1,1,0,0
2018-06-07,Thu,882,0,1,0,0
2018-06-08,Fri,51,0,0,0,0
2018-06-09,Sat,0,0,0,0,0
2018-06-10,Sun,0,0,0,0,0
2018-06-11,Mon,1156,1,1,0,0
2018-06-12,Tue,2103,1,1,0,0
2018-06-13,Wed,2186,1,1,0,0
2018-06-14,Thu,792,0,0,0,0
2018-06-15,Fri,0,0,0,0,0
2018-06-16,Sat,0,0,0,0,0
2018-06-17,Sun,0,0,0,0,0
2018-06-18,Mon,1036,1,0,0,1
2018-06-19,Tue,1729,1,1,0,0
2018-06-20,Wed,2017,1,1,0,0
2018-06-21,Thu,510,0,0,0,0
2018-06-22,Fri,132,0,0,0,0
2018-06-23,Sat,0,0,0,0,0
2018-06-24,Sun,6214,1,1,0,0
2018-06-25,Mon,829,1,0,0,1
2018-06-26,Tue,1050,1,0,0,1
2018-06-27,Wed,1175,0,0,0,0
2018-06-28,Thu,1744,0,1,0,0
2018-06-29,Fri,736,0,0,0,0
2018-06-30,Sat,0,0,0,0,0
2018-07-01,Sun,0,0,0,0,0
2018-07-02,Mon,1167,1,1,0,0
2018-07-03,Tue,1273,1,1,0,0
2018-07-04,Wed,0,0,0,0,0
2018-07-05,Thu,0,0,0,0,0
2018-07-06,Fri,0,0,0,0,0
2018-07-07,Sat,0,0,0,0,0
2018-07-08,Sun,0,0,0,0,0
2018-07-09,Mon,1943,1,1,0,0
2018-07-10,Tue,1895,1,1,0,0
2018-07-11,Wed,1273,1,1,0,0
2018-07-12,Thu,360,0,0,0,0
2018-07-13,Fri,0,0,0,0,0
2018-07-14,Sat,0,0,0,0,0
2018-07-15,Sun,0,0,0,0,0
2018-07-16,Mon,1023,1,0,0,1
2018-07-17,Tue,1211,1,1,0,0
2018-07-18,Wed,2031,0,1,0,0
2018-07-19,Thu,0,0,0,0,0
2018-07-20,Fri,0,0,0,0,0
2018-07-21,Sat,0,0,0,0,0
2018-07-22,Sun,0,0,0,0,0
2018-07-23,Mon,886,1,0,0,1
2018-07-24,Tue,1859,0,1,0,0
2018-07-25,Wed,1804,1,1,1,0
2018-07-26,Thu,2013,1,1,0,0
2018-07-27,Fri,2810,1,1,1,0
2018-07-28,Sat,6,0,0,0,0
2018-07-29,Sun,16,0,0,0,0
2018-07-30,Mon,1206,1,1,0,0
2018-07-31,Tue,2505,1,1,0,0
2018-08-01,Wed,2003,1,1,0,0
2018-08-02,Thu,2584,0,1,0,0
2018-08-03,Fri,0,0,0,0,0
2018-08-04,Sat,0,0,0,0,0
2018-08-05,Sun,0,0,0,0,0
2018-08-06,Mon,1278,1,0,0,1
2018-08-07,Tue,1932,1,1,0,0
2018-08-08,Wed,1932,1,1,0,0
2018-08-09,Thu,1090,0,1,0,0
2018-08-10,Fri,0,0,0,0,0
2018-08-11,Sat,0,0,0,0,0
2018-08-12,Sun,0,0,0,0,0
2018-08-13,Mon,1739,1,1,0,0
2018-08-14,Tue,1587,1,0,0,1
2018-08-15,Wed,976,0,0,0,0
2018-08-16,Thu,515,0,0,0,0
2018-08-17,Fri,10,0,0,0,0
2018-08-18,Sat,0,0,0,0,0
2018-08-19,Sun,0,0,0,0,0
2018-08-20,Mon,1850,1,1,0,0
2018-08-21,Tue,1527,0,0,0,0
2018-08-22,Wed,7,0,0,0,0
2018-08-23,Thu,52,0,0,0,0
2018-08-24,Fri,0,0,0,0,0
2018-08-25,Sat,0,0,0,0,0
2018-08-26,Sun,0,0,0,0,0
2018-08-27,Mon,1761,1,1,0,0
2018-08-28,Tue,1850,1,1,0,0
2018-08-29,Wed,2249,0,1,0,0
2018-08-30,Thu,1297,0,1,0,0
2018-08-31,Fri,1,0,0,0,0
2018-09-01,Sat,0,0,0,0,0
2018-09-02,Sun,0,0,0,0,0
2018-09-03,Mon,806,1,0,0,1
2018-09-04,Tue,2578,1,0,0,1
2018-09-05,Wed,2497,1,0,0,1
2018-09-06,Thu,4933,0,1,0,0
2018-09-07,Fri,0,0,0,0,0
2018-09-08,Sat,0,0,0,0,0
2018-09-09,Sun,0,0,0,0,0
2018-09-10,Mon,1183,1,0,0,1
2018-09-11,Tue,1388,1,0,0,1
2018-09-12,Wed,2398,1,1,0,0
2018-09-13,Thu,3037,1,1,0,0
2018-09-14,Fri,1,0,0,0,0
2018-09-15,Sat,115,0,0,0,0
2018-09-16,Sun,0,0,0,0,0
2018-09-17,Mon,1114,1,1,0,0
2018-09-18,Tue,2057,1,1,0,0
2018-09-19,Wed,1918,0,1,0,0
2018-09-20,Thu,0,0,0,0,0
2018-09-21,Fri,0,0,0,0,0
2018-09-22,Sat,0,0,0,0,0
2018-09-23,Sun,0,0,0,0,0
2018-09-24,Mon,1701,1,1,0,0
2018-09-25,Tue,2310,1,1,0,0
2018-09-26,Wed,2020,0,1,0,0
2018-09-27,Thu,0,0,0,0,0
2018-09-28,Fri,0,0,0,0,0
2018-09-29,Sat,0,0,0,0,0
2018-09-30,Sun,0,0,0,0,0
2018-10-01,Mon,1452,1,1,0,0
2018-10-02,Tue,2000,0,1,0,0
2018-10-03,Wed,1759,1,1,0,0
2018-10-04,Thu,0,0,0,0,0
2018-10-05,Fri,0,0,0,0,0
2018-10-06,Sat,0,0,0,0,0
2018-10-07,Sun,0,0,0,0,0
2018-10-08,Mon,318,1,0,0,1
2018-10-09,Tue,1712,1,1,0,0
2018-10-10,Wed,2403,0,1,0,0
2018-10-11,Thu,0,0,0,0,0
2018-10-12,Fri,0,0,0,0,0
2018-10-13,Sat,0,0,0,0,0
2018-10-14,Sun,1138,0,1,0,0
2018-10-15,Mon,815,1,0,0,1
2018-10-16,Tue,2043,1,1,0,0
2018-10-17,Wed,1609,0,0,0,0
2018-10-18,Thu,0,0,0,0,0
2018-10-19,Fri,0,0,0,0,0
2018-10-20,Sat,0,0,0,0,0
2018-10-21,Sun,0,0,0,0,0
2018-10-22,Mon,1330,1,1,0,0
2018-10-23,Tue,1868,1,1,0,0
2018-10-24,Wed,1723,0,1,0,0
2018-10-25,Thu,2422,1,1,0,0
2018-10-26,Fri,0,0,0,0,0
2018-10-27,Sat,0,0,0,0,0
2018-10-28,Sun,0,0,0,0,0
2018-10-29,Mon,1435,1,1,0,0
2018-10-30,Tue,1499,0,1,0,0
2018-10-31,Wed,546,0,0,0,0
2018-11-01,Thu,0,0,0,0,0
2018-11-02,Fri,0,0,0,0,0
2018-11-03,Sat,0,0,0,0,0
2018-11-04,Sun,0,0,0,0,0
2018-11-05,Mon,1025,1,1,0,0
2018-11-06,Tue,1498,1,1,0,0
2018-11-07,Wed,874,0,1,0,0
2018-11-08,Thu,0,0,0,0,0
2018-11-09,Fri,0,0,0,0,0
2018-11-10,Sat,0,0,0,0,0
2018-11-11,Sun,4568,1,1,0,0
2018-11-12,Mon,1051,1,1,0,0
2018-11-13,Tue,1660,0,1,0,0
2018-11-14,Wed,15,0,0,0,0
2018-11-15,Thu,0,0,0,0,0
2018-11-16,Fri,0,0,0,0,0
2018-11-17,Sat,0,0,0,0,0
2018-11-18,Sun,0,0,0,0,0
2018-11-19,Mon,1631,1,1,0,0
2018-11-20,Tue,1523,1,1,0,0
2018-11-21,Wed,0,0,0,0,0
2018-11-22,Thu,0,0,0,0,0
2018-11-23,Fri,0,0,0,0,0
2018-11-24,Sat,0,0,0,0,0
2018-11-25,Sun,0,0,0,0,0
2018-11-26,Mon,877,1,0,0,1
2018-11-27,Tue,1031,1,0,0,1
2018-11-28,Wed,1697,0,1,0,0
2018-11-29,Thu,0,0,0,0,0
2018-11-30,Fri,0,0,0,0,0
2018-12-01,Sat,0,0,0,0,0
2018-12-02,Sun,0,0,0,0,0
2018-12-03,Mon,1348,1,1,0,0
2018-12-04,Tue,1413,1,1,0,0
2018-12-05,Wed,0,0,0,0,0
2018-12-06,Thu,1678,1,1,0,0
2018-12-07,Fri,0,0,0,0,0
2018-12-08,Sat,0,0,0,0,0
2018-12-09,Sun,0,0,0,0,0
2018-12-10,Mon,1533,1,1,0,0
2018-12-11,Tue,1283,1,0,0,0
2018-12-12,Wed,1671,0,1,0,0
2018-12-13,Thu,0,0,0,0,0
2018-12-14,Fri,0,0,0,0,0
2018-12-15,Sat,0,0,0,0,0
2018-12-16,Sun,0,0,0,0,0
2018-12-17,Mon,578,1,0,0,1
2018-12-18,Tue,1663,1,1,0,0
2018-12-19,Wed,0,0,0,0,0
2018-12-20,Thu,1374,0,1,0,0
2018-12-21,Fri,0,0,0,0,0
2018-12-22,Sat,0,0,0,0,0
2018-12-23,Sun,0,0,0,0,0
2018-12-24,Mon,2104,1,1,0,0
2018-12-25,Tue,2091,1,1,0,0
2018-12-26,Wed,0,0,0,0,0
2018-12-27,Thu,0,0,0,0,0
2018-12-28,Fri,0,0,0,0,0
2018-12-29,Sat,0,0,0,0,0
2018-12-30,Sun,0,0,0,0,0
2018-12-31,Mon,1001,1,0,0,0
2019-01-01,Tue,1264,1,1,0,0
2019-01-02,Wed,0,0,0,0,0
2019-01-03,Thu,0,0,0,0,0
2019-01-04,Fri,0,0,0,0,0
2019-01-05,Sat,0,0,0,0,0
2019-01-06,Sun,0,0,0,0,0
2019-01-07,Mon,1248,1,0,0,1
2019-01-08,Tue,1369,1,0,0,1
2019-01-09,Wed,1907,1,1,0,0
2019-01-10,Thu,0,0,0,0,0
2019-01-11,Fri,0,0,0,0,0
2019-01-12,Sat,0,0,0,0,0
2019-01-13,Sun,0,0,0,0,0
2019-01-14,Mon,1055,1,0,0,1
2019-01-15,Tue,1609,0,1,0,0
2019-01-16,Wed,1595,0,1,0,0
2019-01-17,Thu,0,0,0,0,0
2019-01-18,Fri,0,0,0,0,0
2019-01-19,Sat,0,0,0,0,0
2019-01-20,Sun,0,0,0,0,0
2019-01-21,Mon,1306,1,1,0,0
2019-01-22,Tue,1107,0,0,0,0
2019-01-23,Wed,0,0,0,0,0
2019-01-24,Thu,0,0,0,0,0
2019-01-25,Fri,0,0,0,0,0
2019-01-26,Sat,0,0,0,0,0
2019-01-27,Sun,0,0,0,0,0
2019-01-28,Mon,1424,1,0,0,1
2019-01-29,Tue,1163,1,0,0,1
2019-01-30,Wed,2534,1,1,0,0
2019-01-31,Thu,1326,0,1,1,0
2019-02-01,Fri,0,0,0,0,0
2019-02-02,Sat,0,0,0,0,0
2019-02-03,Sun,0,0,0,0,0
2019-02-04,Mon,1132,1,0,0,1
2019-02-05,Tue,799,1,0,0,1
2019-02-06,Wed,1529,1,1,0,0
2019-02-07,Thu,0,0,0,0,0
2019-02-08,Fri,0,0,0,0,0
2019-02-09,Sat,0,0,0,0,0
2019-02-10,Sun,0,0,0,0,0
2019-02-11,Mon,614,1,0,0,1
2019-02-12,Tue,2059,1,1,0,0
2019-02-13,Wed,1996,1,1,0,0
2019-02-14,Thu,0,0,0,0,0
2019-02-15,Fri,0,0,0,0,0
2019-02-16,Sat,0,0,0,0,0
2019-02-17,Sun,0,0,0,0,0
2019-02-18,Mon,622,1,0,0,1
2019-02-19,Tue,1889,1,1,0,0
2019-02-20,Wed,1233,1,1,0,0
2019-02-21,Thu,0,0,0,0,0
2019-02-22,Fri,0,0,0,0,0
2019-02-23,Sat,0,0,0,0,0
2019-02-24,Sun,0,0,0,0,0
2019-02-25,Mon,638,1,0,0,1
2019-02-26,Tue,2030,0,1,0,0
2019-02-27,Wed,2066,1,1,0,0
2019-02-28,Thu,0,0,0,0,0
2019-03-01,Fri,0,0,0,0,0
2019-03-02,Sat,20,0,0,0,0
2019-03-03,Sun,0,0,0,0,0
2019-03-04,Mon,1582,1,1,0,0
2019-03-05,Tue,1822,1,1,0,0
2019-03-06,Wed,0,0,0,0,0
2019-03-07,Thu,0,0,0,0,0
2019-03-08,Fri,0,0,0,0,0
2019-03-09,Sat,0,0,0,0,0
2019-03-10,Sun,0,0,0,0,0
2019-03-11,Mon,1176,1,0,0,1
2019-03-12,Tue,1720,0,1,0,0
2019-03-13,Wed,0,0,0,0,0
2019-03-14,Thu,0,0,0,0,0
2019-03-15,Fri,0,0,0,0,0
2019-03-16,Sat,0,0,0,0,0
2019-03-17,Sun,0,0,0,0,0
2019-03-18,Mon,1499,1,0,0,1
2019-03-19,Tue,1633,1,1,0,0
2019-03-20,Wed,2557,0,1,0,0
2019-03-21,Thu,0,0,0,0,0
2019-03-22,Fri,0,0,0,0,0
2019-03-23,Sat,0,0,0,0,0
2019-03-24,Sun,0,0,0,0,0
2019-03-25,Mon,1116,1,1,0,0
2019-03-26,Tue,964,1,0,0,1
2019-03-27,Wed,1924,1,1,0,0
2019-03-28,Thu,797,0,1,0,0
2019-03-29,Fri,0,0,0,0,0
2019-03-30,Sat,8,0,0,0,0
2019-03-31,Sun,22,0,0,0,0
2019-04-01,Mon,936,1,0,0,1
2019-04-02,Tue,1938,1,1,0,0
2019-04-03,Wed,1446,0,1,0,0
2019-04-04,Thu,0,0,0,0,0
2019-04-05,Fri,0,0,0,0,0
2019-04-06,Sat,0,0,0,0,0
2019-04-07,Sun,0,0,0,0,0
2019-04-08,Mon,728,1,0,0,1
2019-04-09,Tue,3589,1,1,0,0
2019-04-10,Wed,1218,0,1,0,0
2019-04-11,Thu,0,0,0,0,0
2019-04-12,Fri,6,0,0,0,0
2019-04-13,Sat,0,0,0,0,0
2019-04-14,Sun,0,0,0,0,0
2019-04-15,Mon,967,1,0,0,1
2019-04-16,Tue,1954,1,1,0,0
2019-04-17,Wed,0,0,0,0,0
2019-04-18,Thu,0,0,0,0,0
2019-04-19,Fri,0,0,0,0,0
2019-04-20,Sat,0,0,0,0,0
2019-04-21,Sun,0,0,0,0,0
2019-04-22,Mon,1220,1,0,0,1
2019-04-23,Tue,1269,1,0,0,0
2019-04-24,Wed,0,0,0,0,0
2019-04-25,Thu,0,0,0,0,0
2019-04-26,Fri,0,0,0,0,0
2019-04-27,Sat,0,0,0,0,0
2019-04-28,Sun,0,0,0,0,0
2019-04-29,Mon,924,1,0,0,1
2019-04-30,Tue,1613,1,0,0,0
2019-05-01,Wed,0,0,0,0,0
2019-05-02,Thu,0,0,0,0,0
2019-05-03,Fri,0,0,0,0,0
2019-05-04,Sat,0,0,0,0,0
2019-05-05,Sun,0,0,0,0,0
2019-05-06,Mon,1190,1,1,0,0
2019-05-07,Tue,1512,1,1,0,0
2019-05-08,Wed,1257,0,1,0,0
2019-05-09,Thu,0,0,0,0,0
2019-05-10,Fri,0,0,0,0,0
2019-05-11,Sat,0,0,0,0,0
2019-05-12,Sun,0,0,0,0,0
2019-05-13,Mon,1016,1,1,1,0
2019-05-14,Tue,1769,1,1,0,0
2019-05-15,Wed,1773,1,1,1,0
2019-05-16,Thu,0,0,0,0,0
2019-05-17,Fri,0,0,0,0,0
2019-05-18,Sat,0,0,0,0,0
2019-05-19,Sun,0,0,0,0,0
2019-05-20,Mon,1386,1,1,0,0
2019-05-21,Tue,1662,1,0,0,1
2019-05-22,Wed,1138,0,1,0,0
2019-05-23,Thu,0,0,0,0,0
2019-05-24,Fri,0,0,0,0,0
2019-05-25,Sat,0,0,0,0,0
2019-05-26,Sun,0,0,0,0,0
2019-05-27,Mon,815,1,0,0,1
2019-05-28,Tue,1308,1,0,0,1
2019-05-29,Wed,2370,1,1,0,0
2019-05-30,Thu,0,0,0,0,0
2019-05-31,Fri,0,0,0,0,0
2019-06-01,Sat,0,0,0,0,0
2019-06-02,Sun,0,0,0,0,0
2019-06-03,Mon,1182,1,1,0,0
2019-06-04,Tue,1536,1,1,0,0
2019-06-05,Wed,2753,1,1,0,0
2019-06-06,Thu,0,0,0,0,0
2019-06-07,Fri,0,0,0,0,0
2019-06-08,Sat,0,0,0,0,0
2019-06-09,Sun,0,0,0,0,0
2019-06-10,Mon,1273,1,1,0,0
2019-06-11,Tue,1025,0,1,0,0
2019-06-12,Wed,0,0,0,0,0
2019-06-13,Thu,0,0,0,0,0
2019-06-14,Fri,0,0,0,0,0
2019-06-15,Sat,0,0,0,0,0
2019-06-16,Sun,0,0,0,0,0
2019-06-17,Mon,574,1,0,0,1
2019-06-18,Tue,1876,1,1,0,0
2019-06-19,Wed,2174,0,1,0,0
2019-06-20,Thu,0,0,0,0,0
2019-06-21,Fri,0,0,0,0,0
2019-06-22,Sat,0,0,0,0,0
2019-06-23,Sun,0,0,0,0,0
2019-06-24,Mon,1253,1,0,0,1
2019-06-25,Tue,1387,1,1,0,0
2019-06-26,Wed,1743,0,1,0,0
2019-06-27,Thu,0,0,0,0,0
2019-06-28,Fri,0,0,0,0,0
2019-06-29,Sat,0,0,0,0,0
2019-06-30,Sun,0,0,0,0,0
2019-07-01,Mon,946,1,0,0,1
2019-07-02,Tue,2150,1,1,0,0
2019-07-03,Wed,0,0,0,0,0
2019-07-04,Thu,0,0,0,0,0
2019-07-05,Fri,0,0,0,0,0
2019-07-06,Sat,0,0,0,0,0
2019-07-07,Sun,0,0,0,0,0
2019-07-08,Mon,754,0,0,0,0
2019-07-09,Tue,838,0,0,0,0
2019-07-10,Wed,0,0,0,0,0
2019-07-11,Thu,0,0,0,0,0
2019-07-12,Fri,0,0,0,0,0
2019-07-13,Sat,0,0,0,0,0
2019-07-14,Sun,0,0,0,0,0
2019-07-15,Mon,794,0,1,0,0
2019-07-16,Tue,1432,1,1,0,0
2019-07-17,Wed,2406,1,1,0,0
2019-07-18,Thu,0,0,0,0,0
2019-07-19,Fri,0,0,0,0,0
2019-07-20,Sat,0,0,0,0,0
2019-07-21,Sun,0,0,0,0,0
2019-07-22,Mon,1251,1,0,0,1
2019-07-23,Tue,1513,1,0,0,1
2019-07-24,Wed,1241,0,1,0,0
2019-07-25,Thu,0,0,0,0,0
2019-07-26,Fri,0,0,0,0,0
2019-07-27,Sat,0,0,0,0,0
2019-07-28,Sun,0,0,0,0,0
2019-07-29,Mon,1539,1,1,0,0
2019-07-30,Tue,1107,0,0,0,0
2019-07-31,Wed,0,0,0,0,0
2019-08-01,Thu,0,0,0,0,0
2019-08-02,Fri,0,0,0,0,0
2019-08-03,Sat,0,0,0,0,0
2019-08-04,Sun,0,0,0,0,0
2019-08-05,Mon,1314,1,1,0,0
2019-08-06,Tue,1669,1,1,0,0
2019-08-07,Wed,50,0,0,0,0
2019-08-08,Thu,0,0,0,0,0
2019-08-09,Fri,0,0,0,0,0
2019-08-10,Sat,0,0,0,0,0
2019-08-11,Sun,0,0,0,0,0
2019-08-12,Mon,836,1,0,0,1
2019-08-13,Tue,1974,0,0,0,0
2019-08-14,Wed,2399,1,1,0,0
2019-08-15,Thu,0,0,0,0,0
2019-08-16,Fri,0,0,0,0,0
2019-08-17,Sat,0,0,0,0,0
2019-08-18,Sun,0,0,0,0,0
2019-08-19,Mon,1134,1,1,0,0
2019-08-20,Tue,812,1,0,0,1
2019-08-21,Wed,2052,0,1,0,0
2019-08-22,Thu,3,0,0,0,0
2019-08-23,Fri,0,0,0,0,0
2019-08-24,Sat,0,0,0,0,0
2019-08-25,Sun,0,0,0,0,0
2019-08-26,Mon,754,1,0,0,1
2019-08-27,Tue,1860,1,0,0,0
2019-08-28,Wed,1889,1,1,0,0
2019-08-29,Thu,0,0,0,0,0
2019-08-30,Fri,0,0,0,0,0
2019-08-31,Sat,0,0,0,0,0
2019-09-01,Sun,0,0,0,0,0
2019-09-02,Mon,1097,1,1,0,0
2019-09-03,Tue,1004,0,0,0,0
2019-09-04,Wed,0,0,0,0,0
2019-09-05,Thu,0,0,0,0,0
2019-09-06,Fri,0,0,0,0,0
2019-09-07,Sat,0,0,0,0,0
2019-09-08,Sun,0,0,0,0,0
2019-09-09,Mon,903,1,1,0,0
2019-09-10,Tue,1768,1,1,0,0
2019-09-11,Wed,1196,0,1,0,0
2019-09-12,Thu,0,0,0,0,0
2019-09-13,Fri,0,0,0,0,0
2019-09-14,Sat,0,0,0,0,0
2019-09-15,Sun,0,0,0,0,0
2019-09-16,Mon,1072,1,0,0,1
2019-09-17,Tue,1709,1,1,0,0
2019-09-18,Wed,0,0,0,0,0
2019-09-19,Thu,0,0,0,0,0
2019-09-20,Fri,0,0,0,0,0
2019-09-21,Sat,0,0,0,0,0
2019-09-22,Sun,0,0,0,0,0
2019-09-23,Mon,1162,1,1,0,0
2019-09-24,Tue,1534,1,1,0,0
2019-09-25,Wed,0,0,0,0,0
2019-09-26,Thu,0,0,0,0,0
2019-09-27,Fri,0,0,0,0,0
2019-09-28,Sat,0,0,0,0,0
2019-09-29,Sun,0,0,0,0,0
2019-09-30,Mon,664,1,0,0,1
2019-10-01,Tue,1424,1,1,0,0
2019-10-02,Wed,0,0,0,0,0
2019-10-03,Thu,0,0,0,0,0
2019-10-04,Fri,0,0,0,0,0
2019-10-05,Sat,0,0,0,0,0
2019-10-06,Sun,0,0,0,0,0
2019-10-07,Mon,797,1,0,0,1
2019-10-08,Tue,1537,1,1,0,0
2019-10-09,Wed,2239,1,1,0,0
2019-10-10,Thu,0,0,0,0,0
2019-10-11,Fri,0,0,0,0,0
2019-10-12,Sat,0,0,0,0,0
2019-10-13,Sun,0,0,0,0,0
2019-10-14,Mon,775,1,1,0,0
2019-10-15,Tue,1190,1,1,0,0
2019-10-16,Wed,0,0,0,0,0
2019-10-17,Thu,0,0,0,0,0
2019-10-18,Fri,0,0,0,0,0
2019-10-19,Sat,0,0,0,0,0
2019-10-20,Sun,0,0,0,0,0
2019-10-21,Mon,1420,1,1,0,0
2019-10-22,Tue,1820,1,1,0,0
2019-10-23,Wed,0,0,0,0,0
2019-10-24,Thu,0,0,0,0,0
2019-10-25,Fri,0,0,0,0,0
2019-10-26,Sat,0,0,0,0,0
2019-10-27,Sun,0,0,0,0,0
2019-10-28,Mon,787,1,0,0,1
2019-10-29,Tue,1263,1,1,0,0
2019-10-30,Wed,1813,1,1,0,0
2019-10-31,Thu,1820,1,1,0,0
2019-11-01,Fri,0,0,0,0,0
2019-11-02,Sat,0,0,0,0,0
2019-11-03,Sun,711,0,1,0,0
2019-11-04,Mon,703,1,0,0,1
2019-11-05,Tue,1166,1,1,0,0
2019-11-06,Wed,0,0,0,0,0
2019-11-07,Thu,0,0,0,0,0
2019-11-08,Fri,0,0,0,0,0
2019-11-09,Sat,0,0,0,0,0
2019-11-10,Sun,0,0,0,0,0
2019-11-11,Mon,1032,1,1,0,0
2019-11-12,Tue,1371,1,1,0,0
2019-11-13,Wed,0,0,0,0,0
2019-11-14,Thu,0,0,0,0,0
2019-11-15,Fri,0,0,0,0,0
2019-11-16,Sat,0,0,0,0,0
2019-11-17,Sun,0,0,0,0,0
2019-11-18,Mon,774,1,1,0,0
2019-11-19,Tue,866,1,1,0,0
2019-11-20,Wed,0,0,0,0,0
2019-11-21,Thu,0,0,0,0,0
2019-11-22,Fri,0,0,0,0,0
2019-11-23,Sat,0,0,0,0,0
2019-11-24,Sun,0,0,0,0,0
2019-11-25,Mon,1117,1,1,0,0
2019-11-26,Tue,0,0,0,0,0
2019-11-27,Wed,0,0,0,0,0
2019-11-28,Thu,0,0,0,0,0
2019-11-29,Fri,0,0,0,0,0
2019-11-30,Sat,0,0,0,0,0
2019-12-01,Sun,0,0,0,0,0
2019-12-02,Mon,922,1,0,0,1
2019-12-03,Tue,1885,1,1,0,0
2019-12-04,Wed,0,0,0,0,0
2019-12-05,Thu,0,0,0,0,0
2019-12-06,Fri,0,0,0,0,0
2019-12-07,Sat,0,0,0,0,0
2019-12-08,Sun,0,0,0,0,0
2019-12-09,Mon,535,1,0,0,0
2019-12-10,Tue,1121,1,1,0,0
2019-12-11,Wed,0,0,0,0,0
2019-12-12,Thu,0,0,0,0,0
2019-12-13,Fri,0,0,0,0,0
2019-12-14,Sat,0,0,0,0,0
2019-12-15,Sun,0,0,0,0,0
2019-12-16,Mon,1144,1,1,0,0
2019-12-17,Tue,0,0,0,0,0
2019-12-18,Wed,0,0,0,0,0
2019-12-19,Thu,0,0,0,0,0
2019-12-20,Fri,0,0,0,0,0
2019-12-21,Sat,0,0,0,0,0
2019-12-22,Sun,0,0,0,0,0
2019-12-23,Mon,1299,1,0,0,1
2019-12-24,Tue,0,0,0,0,0
2019-12-25,Wed,0,0,0,0,0
2019-12-26,Thu,0,0,0,0,0
2019-12-27,Fri,0,0,0,0,0
2019-12-28,Sat,0,0,0,0,0
2019-12-29,Sun,0,0,0,0,0
2019-12-30,Mon,0,0,0,0,0
2019-12-31,Tue,0,0,0,0,0
2020-01-01,Wed,0,0,0,0,0
2020-01-02,Thu,0,0,0,0,0
2020-01-03,Fri,0,0,0,0,0
2020-01-04,Sat,0,0,0,0,0
2020-01-05,Sun,0,0,0,0,0
2020-01-06,Mon,810,0,0,0,0
2020-01-07,Tue,0,0,0,0,0
2020-01-08,Wed,0,0,0,0,0
2020-01-09,Thu,0,0,0,0,0
2020-01-10,Fri,0,0,0,0,0
2020-01-11,Sat,0,0,0,0,0
2020-01-12,Sun,0,0,0,0,0
2020-01-13,Mon,1066,0,0,0,0
2020-01-14,Tue,0,0,0,0,0
2020-01-15,Wed,0,0,0,0,0
2020-01-16,Thu,0,0,0,0,0
2020-01-17,Fri,0,0,0,0,0
2020-01-18,Sat,0,0,0,0,0
2020-01-19,Sun,0,0,0,0,0
2020-01-20,Mon,880,1,1,0,0
2020-01-21,Tue,0,0,0,0,0
2020-01-22,Wed,0,0,0,0,0
2020-01-23,Thu,0,0,0,0,0
2020-01-24,Fri,0,0,0,0,0
2020-01-25,Sat,0,0,0,0,0
2020-01-26,Sun,0,0,0,0,0
2020-01-27,Mon,1069,1,0,0,1
2020-01-28,Tue,0,0,0,0,0
2020-01-29,Wed,0,0,0,0,0
2020-01-30,Thu,0,0,0,0,0
2020-01-31,Fri,0,0,0,0,0
2020-02-01,Sat,0,0,0,0,0
2020-02-02,Sun,0,0,0,0,0
2020-02-03,Mon,861,1,1,0,0
2020-02-04,Tue,1527,1,1,0,0
2020-02-05,Wed,0,0,0,0,0
2020-02-06,Thu,0,0,0,0,0
2020-02-07,Fri,0,0,0,0,0
2020-02-08,Sat,0,0,0,0,0
2020-02-09,Sun,0,0,0,0,0
2020-02-10,Mon,1119,1,1,0,0
2020-02-11,Tue,1175,1,0,0,0
2020-02-12,Wed,0,0,0,0,0
2020-02-13,Thu,0,0,0,0,0
2020-02-14,Fri,94,0,0,0,0
2020-02-15,Sat,0,0,0,0,0
2020-02-16,Sun,0,0,0,0,0
2020-02-17,Mon,646,1,0,0,1
2020-02-18,Tue,1613,1,1,0,0
2020-02-19,Wed,1596,0,1,0,0
2020-02-20,Thu,0,0,0,0,0
2020-02-21,Fri,0,0,0,0,0
2020-02-22,Sat,0,0,0,0,0
2020-02-23,Sun,0,0,0,0,0
2020-02-24,Mon,1444,1,1,0,0
2020-02-25,Tue,1247,1,1,0,0
2020-02-26,Wed,1220,1,1,0,0
2020-02-27,Thu,0,0,0,0,0
2020-02-28,Fri,0,0,0,0,0
2020-02-29,Sat,0,0,0,0,0
2020-03-01,Sun,0,0,0,0,0
2020-03-02,Mon,780,1,1,0,0
2020-03-03,Tue,835,0,0,0,0
2020-03-04,Wed,0,0,0,0,0
2020-03-05,Thu,0,0,0,0,0
2020-03-06,Fri,0,0,0,0,0
2020-03-07,Sat,0,0,0,0,0
2020-03-08,Sun,0,0,0,0,0
2020-03-09,Mon,1038,1,1,0,0
2020-03-10,Tue,1420,1,1,0,0
2020-03-11,Wed,0,0,0,0,0
2020-03-12,Thu,0,0,0,0,0
2020-03-13,Fri,0,0,0,0,0
2020-03-14,Sat,0,0,0,0,0
2020-03-15,Sun,0,0,0,0,0
2020-03-16,Mon,1118,1,1,0,0
2020-03-17,Tue,1089,1,1,0,0
2020-03-18,Wed,0,0,0,0,0
2020-03-19,Thu,0,0,0,0,0
2020-03-20,Fri,0,0,0,0,0
2020-03-21,Sat,0,0,0,0,0
2020-03-22,Sun,0,0,0,0,0
2020-03-23,Mon,914,1,1,0,0
2020-03-24,Tue,897,1,0,0,1
2020-03-25,Wed,1361,1,1,0,0
2020-03-26,Thu,1724,1,1,0,0
2020-03-27,Fri,2160,1,1,0,0
2020-03-28,Sat,0,0,0,0,0
2020-03-29,Sun,0,0,0,0,0
2020-03-30,Mon,730,1,1,0,0
2020-03-31,Tue,786,1,0,0,0
2020-04-01,Wed,0,0,0,0,0
2020-04-02,Thu,0,0,0,0,0
2020-04-03,Fri,0,0,0,0,0
2020-04-04,Sat,0,0,0,0,0
2020-04-05,Sun,0,0,0,0,0
2020-04-06,Mon,1044,1,0,0,1
2020-04-07,Tue,1103,1,1,0,0
2020-04-08,Wed,0,0,0,0,0
2020-04-09,Thu,0,0,0,0,0
2020-04-10,Fri,0,0,0,0,0
2020-04-11,Sat,0,0,0,0,0
2020-04-12,Sun,0,0,0,0,0
2020-04-13,Mon,851,1,0,0,1
2020-04-14,Tue,865,1,0,0,1
2020-04-15,Wed,0,0,0,0,0
2020-04-16,Thu,0,0,0,0,0
2020-04-17,Fri,0,0,0,0,0
2020-04-18,Sat,0,0,0,0,0
2020-04-19,Sun,0,0,0,0,0
2020-04-20,Mon,1034,1,1,0,0
2020-04-21,Tue,2096,1,0,0,1
2020-04-22,Wed,2045,1,1,0,0
2020-04-23,Thu,0,0,0,0,0
2020-04-24,Fri,0,0,0,0,0
2020-04-25,Sat,0,0,0,0,0
2020-04-26,Sun,0,0,0,0,0
2020-04-27,Mon,773,1,1,0,0
2020-04-28,Tue,1901,1,1,0,0
2020-04-29,Wed,373,0,0,0,0
2020-04-30,Thu,0,0,0,0,0
2020-05-01,Fri,0,0,0,0,0
2020-05-02,Sat,0,0,0,0,0
2020-05-03,Sun,0,0,0,0,0
2020-05-04,Mon,1094,1,0,0,1
2020-05-05,Tue,1283,1,1,0,0
2020-05-06,Wed,0,0,0,0,0
2020-05-07,Thu,0,0,0,0,0
2020-05-08,Fri,0,0,0,0,0
2020-05-09,Sat,0,0,0,0,0
2020-05-10,Sun,0,0,0,0,0
2020-05-11,Mon,0,0,0,0,0
2020-05-12,Tue,0,0,0,0,0
2020-05-13,Wed,0,0,0,0,0
2020-05-14,Thu,0,0,0,0,0
2020-05-15,Fri,0,0,0,0,0
2020-05-16,Sat,0,0,0,0,0
2020-05-17,Sun,0,0,0,0,0
2020-05-18,Mon,0,0,0,0,0
2020-05-19,Tue,0,0,0,0,0
2020-05-20,Wed,0,0,0,0,0
2020-05-21,Thu,0,0,0,0,0
2020-05-22,Fri,0,0,0,0,0
2020-05-23,Sat,0,0,0,0,0
2020-05-24,Sun,0,0,0,0,0
2020-05-25,Mon,860,1,1,0,0
2020-05-26,Tue,1716,1,1,0,0
2020-05-27,Wed,0,0,0,0,0
2020-05-28,Thu,0,0,0,0,0
2020-05-29,Fri,0,0,0,0,0
2020-05-30,Sat,0,0,0,0,0
2020-05-31,Sun,0,0,0,0,0
2020-06-01,Mon,0,0,0,0,0
2020-06-02,Tue,0,0,0,0,0
2020-06-03,Wed,0,0,0,0,0
2020-06-04,Thu,0,0,0,0,0
2020-06-05,Fri,0,0,0,0,0
2020-06-06,Sat,0,0,0,0,0
2020-06-07,Sun,0,0,0,0,0
2020-06-08,Mon,615,1,0,0,0
2020-06-09,Tue,0,0,0,0,0
2020-06-10,Wed,0,0,0,0,0
2020-06-11,Thu,0,0,0,0,0
2020-06-12,Fri,0,0,0,0,0
2020-06-13,Sat,0,0,0,0,0
2020-06-14,Sun,0,0,0,0,0
2020-06-15,Mon,0,0,0,0,0
2020-06-16,Tue,0,0,0,0,0
2020-06-17,Wed,0,0,0,0,0
2020-06-18,Thu,0,0,0,0,0
2020-06-19,Fri,0,0,0,0,0
2020-06-20,Sat,0,0,0,0,0
2020-06-21,Sun,0,0,0,0,0
2020-06-22,Mon,728,1,1,0,0
2020-06-23,Tue,1430,1,1,0,0
2020-06-24,Wed,0,0,0,0,0
2020-06-25,Thu,0,0,0,0,0
2020-06-26,Fri,0,0,0,0,0
2020-06-27,Sat,0,0,0,0,0
2020-06-28,Sun,0,0,0,0,0
2020-06-29,Mon,938,1,1,0,0
2020-06-30,Tue,0,0,0,0,0
2020-07-01,Wed,0,0,0,0,0
2020-07-02,Thu,0,0,0,0,0
2020-07-03,Fri,0,0,0,0,0
2020-07-04,Sat,0,0,0,0,0
2020-07-05,Sun,0,0,0,0,0
2020-07-06,Mon,0,0,0,0,0
2020-07-07,Tue,0,0,0,0,0
2020-07-08,Wed,0,0,0,0,0
2020-07-09,Thu,0,0,0,0,0
2020-07-10,Fri,0,0,0,0,0
2020-07-11,Sat,0,0,0,0,0
2020-07-12,Sun,0,0,0,0,0
2020-07-13,Mon,830,1,0,0,0
2020-07-14,Tue,0,0,0,0,0
2020-07-15,Wed,0,0,0,0,0
2020-07-16,Thu,0,0,0,0,0
2020-07-17,Fri,0,0,0,0,0
2020-07-18,Sat,0,0,0,0,0
2020-07-19,Sun,0,0,0,0,0
2020-07-20,Mon,583,1,0,0,1
2020-07-21,Tue,0,0,0,0,0
2020-07-22,Wed,0,0,0,0,0
2020-07-23,Thu,0,0,0,0,0
2020-07-24,Fri,0,0,0,0,0
2020-07-25,Sat,0,0,0,0,0
2020-07-26,Sun,0,0,0,0,0
2020-07-27,Mon,1166,1,1,0,0
2020-07-28,Tue,0,0,0,0,0
2020-07-29,Wed,0,0,0,0,0
2020-07-30,Thu,0,0,0,0,0
2020-07-31,Fri,0,0,0,0,0
2020-08-01,Sat,0,0,0,0,0
2020-08-02,Sun,0,0,0,0,0
2020-08-03,Mon,0,0,0,0,0
2020-08-04,Tue,0,0,0,0,0
2020-08-05,Wed,0,0,0,0,0
2020-08-06,Thu,0,0,0,0,0
2020-08-07,Fri,0,0,0,0,0
2020-08-08,Sat,0,0,0,0,0
2020-08-09,Sun,3552,1,1,0,0
2020-08-10,Mon,1001,1,1,0,0
2020-08-11,Tue,0,0,0,0,0
2020-08-12,Wed,0,0,0,0,0
2020-08-13,Thu,0,0,0,0,0
2020-08-14,Fri,0,0,0,0,0
2020-08-15,Sat,0,0,0,0,0
2020-08-16,Sun,0,0,0,0,0
2020-08-17,Mon,851,1,0,0,1
2020-08-18,Tue,1465,1,0,0,1
2020-08-19,Wed,2019,0,1,0,0
2020-08-20,Thu,0,0,0,0,0
2020-08-21,Fri,0,0,0,0,0
2020-08-22,Sat,0,0,0,0,0
2020-08-23,Sun,0,0,0,0,0
2020-08-24,Mon,959,1,1,0,0
2020-08-25,Tue,581,0,0,0,0
2020-08-26,Wed,0,0,0,0,0
2020-08-27,Thu,0,0,0,0,0
2020-08-28,Fri,0,0,0,0,0
2020-08-29,Sat,0,0,0,0,0
2020-08-30,Sun,0,0,0,0,0
2020-08-31,Mon,0,0,0,0,0
2020-09-01,Tue,0,0,0,0,0
2020-09-02,Wed,0,0,0,0,0
2020-09-03,Thu,0,0,0,0,0
2020-09-04,Fri,0,0,0,0,0
2020-09-05,Sat,0,0,0,0,0
2020-09-06,Sun,0,0,0,0,0
2020-09-07,Mon,892,0,0,0,0
2020-09-08,Tue,0,0,0,0,0
2020-09-09,Wed,0,0,0,0,0
2020-09-10,Thu,0,0,0,0,0
2020-09-11,Fri,0,0,0,0,0
2020-09-12,Sat,0,0,0,0,0
2020-09-13,Sun,0,0,0,0,0
2020-09-14,Mon,875,1,0,0,0
2020-09-15,Tue,0,0,0,0,0
2020-09-16,Wed,0,0,0,0,0
2020-09-17,Thu,0,0,0,0,0
2020-09-18,Fri,0,0,0,0,0
2020-09-19,Sat,0,0,0,0,0
2020-09-20,Sun,0,0,0,0,0
2020-09-21,Mon,146,0,0,0,0
2020-09-22,Tue,0,0,0,0,0
2020-09-23,Wed,0,0,0,0,0
2020-09-24,Thu,0,0,0,0,0
2020-09-25,Fri,0,0,0,0,0
2020-09-26,Sat,0,0,0,0,0
2020-09-27,Sun,0,0,0,0,0
2020-09-28,Mon,877,1,0,0,1
2020-09-29,Tue,1203,1,0,0,0
2020-09-30,Wed,0,0,0,0,0
2020-10-01,Thu,0,0,0,0,0
2020-10-02,Fri,0,0,0,0,0
2020-10-03,Sat,0,0,0,0,0
2020-10-04,Sun,0,0,0,0,0
2020-10-05,Mon,0,0,0,0,0
2020-10-06,Tue,0,0,0,0,0
2020-10-07,Wed,0,0,0,0,0
2020-10-08,Thu,0,0,0,0,0
2020-10-09,Fri,0,0,0,0,0
2020-10-10,Sat,0,0,0,0,0
2020-10-11,Sun,0,0,0,0,0
2020-10-12,Mon,1006,1,0,0,1
2020-10-13,Tue,0,0,0,0,0
2020-10-14,Wed,0,0,0,0,0
2020-10-15,Thu,0,0,0,0,0
2020-10-16,Fri,0,0,0,0,0
2020-10-17,Sat,0,0,0,0,0
2020-10-18,Sun,0,0,0,0,0
2020-10-19,Mon,890,1,1,0,0
2020-10-20,Tue,0,0,0,0,0
2020-10-21,Wed,0,0,0,0,0
2020-10-22,Thu,0,0,0,0,0
2020-10-23,Fri,0,0,0,0,0
2020-10-24,Sat,0,0,0,0,0
2020-10-25,Sun,0,0,0,0,0
2020-10-26,Mon,764,1,0,0,0
2020-10-27,Tue,0,0,0,0,0
2020-10-28,Wed,0,0,0,0,0
2020-10-29,Thu,0,0,0,0,0
2020-10-30,Fri,0,0,0,0,0
2020-10-31,Sat,0,0,0,0,0
2020-11-01,Sun,0,0,0,0,0
2020-11-02,Mon,0,0,0,0,0
2020-11-03,Tue,0,0,0,0,0
2020-11-04,Wed,0,0,0,0,0
2020-11-05,Thu,0,0,0,0,0
2020-11-06,Fri,0,0,0,0,0
2020-11-07,Sat,0,0,0,0,0
2020-11-08,Sun,0,0,0,0,0
2020-11-09,Mon,0,0,0,0,0
2020-11-10,Tue,0,0,0,0,0
2020-11-11,Wed,0,0,0,0,0
2020-11-12,Thu,0,0,0,0,0
2020-11-13,Fri,0,0,0,0,0
2020-11-14,Sat,0,0,0,0,0
2020-11-15,Sun,0,0,0,0,0
2020-11-16,Mon,0,0,0,0,0
2020-11-17,Tue,0,0,0,0,0
2020-11-18,Wed,0,0,0,0,0
2020-11-19,Thu,0,0,0,0,0
2020-11-20,Fri,0,0,0,0,0
2020-11-21,Sat,0,0,0,0,0
2020-11-22,Sun,0,0,0,0,0
2020-11-23,Mon,1008,1,1,0,0
2020-11-24,Tue,0,0,0,0,0
2020-11-25,Wed,0,0,0,0,0
2020-11-26,Thu,0,0,0,0,0
2020-11-27,Fri,0,0,0,0,0
2020-11-28,Sat,0,0,0,0,0
2020-11-29,Sun,0,0,0,0,0
2020-11-30,Mon,1163,1,1,0,0
2020-12-01,Tue,0,0,0,0,0
2020-12-02,Wed,0,0,0,0,0
2020-12-03,Thu,0,0,0,0,0
2020-12-04,Fri,0,0,0,0,0
2020-12-05,Sat,0,0,0,0,0
2020-12-06,Sun,0,0,0,0,0
2020-12-07,Mon,971,1,1,0,0
2020-12-08,Tue,0,0,0,0,0
2020-12-09,Wed,0,0,0,0,0
2020-12-10,Thu,0,0,0,0,0
2020-12-11,Fri,0,0,0,0,0
2020-12-12,Sat,0,0,0,0,0
2020-12-13,Sun,0,0,0,0,0
2020-12-14,Mon,915,1,1,0,0
2020-12-15,Tue,0,0,0,0,0
2020-12-16,Wed,0,0,0,0,0
2020-12-17,Thu,0,0,0,0,0
2020-12-18,Fri,0,0,0,0,0
2020-12-19,Sat,0,0,0,0,0
2020-12-20,Sun,0,0,0,0,0
2020-12-21,Mon,1620,1,1,0,0
2020-12-22,Tue,1176,1,1,0,0
2020-12-23,Wed,0,0,0,0,0
2020-12-24,Thu,0,0,0,0,0
2020-12-25,Fri,0,0,0,0,0
2020-12-26,Sat,0,0,0,0,0
2020-12-27,Sun,0,0,0,0,0
2020-12-28,Mon,838,1,1,0,0
2020-12-29,Tue,1009,1,1,0,0
2020-12-30,Wed,0,0,0,0,0
2020-12-31,Thu,0,0,0,0,0
2021-01-01,Fri,0,0,0,0,0
2021-01-02,Sat,0,0,0,0,0
2021-01-03,Sun,0,0,0,0,0
2021-01-04,Mon,1182,1,1,0,0
2021-01-05,Tue,1796,1,1,0,0
2021-01-06,Wed,0,0,0,0,0
2021-01-07,Thu,0,0,0,0,0
2021-01-08,Fri,0,0,0,0,0
2021-01-09,Sat,0,0,0,0,0
2021-01-10,Sun,0,0,0,0,0
2021-01-11,Mon,773,1,0,0,0
2021-01-12,Tue,0,0,0,0,0
2021-01-13,Wed,0,0,0,0,0
2021-01-14,Thu,0,0,0,0,0
2021-01-15,Fri,0,0,0,0,0
2021-01-16,Sat,0,0,0,0,0
2021-01-17,Sun,0,0,0,0,0
2021-01-18,Mon,1019,1,1,0,0
2021-01-19,Tue,0,0,0,0,0
2021-01-20,Wed,0,0,0,0,0
2021-01-21,Thu,0,0,0,0,0
2021-01-22,Fri,0,0,0,0,0
2021-01-23,Sat,0,0,0,0,0
2021-01-24,Sun,0,0,0,0,0
2021-01-25,Mon,0,0,0,0,0
2021-01-26,Tue,0,0,0,0,0
2021-01-27,Wed,0,0,0,0,0
2021-01-28,Thu,0,0,0,0,0
2021-01-29,Fri,0,0,0,0,0
2021-01-30,Sat,0,0,0,0,0
2021-01-31,Sun,0,0,0,0,0
2021-02-01,Mon,0,0,0,0,0
2021-02-02,Tue,0,0,0,0,0
2021-02-03,Wed,0,0,0,0,0
2021-02-04,Thu,0,0,0,0,0
2021-02-05,Fri,0,0,0,0,0
2021-02-06,Sat,0,0,0,0,0
2021-02-07,Sun,0,0,0,0,0
2021-02-08,Mon,1081,1,0,0,1
2021-02-09,Tue,14,0,0,0,0
2021-02-10,Wed,0,0,0,0,0
2021-02-11,Thu,0,0,0,0,0
2021-02-12,Fri,0,0,0,0,0
2021-02-13,Sat,0,0,0,0,0
2021-02-14,Sun,0,0,0,0,0
2021-02-15,Mon,949,1,0,0,1
2021-02-16,Tue,1417,1,1,0,0
2021-02-17,Wed,1301,0,0,0,0
2021-02-18,Thu,0,0,0,0,0
2021-02-19,Fri,0,0,0,0,0
2021-02-20,Sat,57,0,0,0,0
2021-02-21,Sun,94,0,0,0,0
2021-02-22,Mon,1097,1,1,0,0
2021-02-23,Tue,0,0,0,0,0
2021-02-24,Wed,0,0,0,0,0
2021-02-25,Thu,0,0,0,0,0
2021-02-26,Fri,0,0,0,0,0
2021-02-27,Sat,0,0,0,0,0
2021-02-28,Sun,0,0,0,0,0
2021-03-01,Mon,0,0,0,0,0
2021-03-02,Tue,0,0,0,0,0
2021-03-03,Wed,0,0,0,0,0
2021-03-04,Thu,0,0,0,0,0
2021-03-05,Fri,0,0,0,0,0
2021-03-06,Sat,0,0,0,0,0
2021-03-07,Sun,0,0,0,0,0
2021-03-08,Mon,1636,1,1,0,0
2021-03-09,Tue,0,0,0,0,0
2021-03-10,Wed,0,0,0,0,0
2021-03-11,Thu,0,0,0,0,0
2021-03-12,Fri,0,0,0,0,0
2021-03-13,Sat,0,0,0,0,0
2021-03-14,Sun,0,0,0,0,0
2021-03-15,Mon,1138,1,0,0,1
2021-03-16,Tue,0,0,0,0,0
2021-03-17,Wed,0,0,0,0,0
2021-03-18,Thu,0,0,0,0,0
2021-03-19,Fri,0,0,0,0,0
2021-03-20,Sat,0,0,0,0,0
2021-03-21,Sun,1,0,0,0,0
2021-03-22,Mon,934,1,0,0,1
2021-03-23,Tue,1500,1,1,0,0
2021-03-24,Wed,0,0,0,0,0
2021-03-25,Thu,0,0,0,0,0
2021-03-26,Fri,0,0,0,0,0
2021-03-27,Sat,0,0,0,0,0
2021-03-28,Sun,0,0,0,0,0
2021-03-29,Mon,1323,1,1,0,0
2021-03-30,Tue,0,0,0,0,0
2021-03-31,Wed,0,0,0,0,0
2021-04-01,Thu,0,0,0,0,0
2021-04-02,Fri,0,0,0,0,0
2021-04-03,Sat,0,0,0,0,0
2021-04-04,Sun,0,0,0,0,0
2021-04-05,Mon,1393,1,1,0,0
2021-04-06,Tue,1407,1,1,0,0
2021-04-07,Wed,1682,1,1,0,0
2021-04-08,Thu,0,0,0,0,0
2021-04-09,Fri,0,0,0,0,0
2021-04-10,Sat,0,0,0,0,0
2021-04-11,Sun,0,0,0,0,0
2021-04-12,Mon,688,1,0,0,0
2021-04-13,Tue,1293,1,1,0,0
2021-04-14,Wed,0,0,0,0,0
2021-04-15,Thu,0,0,0,0,0
2021-04-16,Fri,0,0,0,0,0
2021-04-17,Sat,0,0,0,0,0
2021-04-18,Sun,0,0,0,0,0
2021-04-19,Mon,1291,1,1,0,0
2021-04-20,Tue,0,0,0,0,0
2021-04-21,Wed,0,0,0,0,0
2021-04-22,Thu,0,0,0,0,0
2021-04-23,Fri,0,0,0,0,0
2021-04-24,Sat,0,0,0,0,0
2021-04-25,Sun,0,0,0,0,0
2021-04-26,Mon,1092,1,1,0,0
2021-04-27,Tue,988,1,1,0,0
2021-04-28,Wed,0,0,0,0,0
2021-04-29,Thu,0,0,0,0,0
2021-04-30,Fri,0,0,0,0,0
2021-05-01,Sat,0,0,0,0,0
2021-05-02,Sun,0,0,0,0,0
2021-05-03,Mon,970,1,1,0,0
2021-05-04,Tue,1098,1,0,0,1
2021-05-05,Wed,1831,1,0,0,1
2021-05-06,Thu,2309,1,1,0,0
2021-05-07,Fri,0,0,0,0,0
2021-05-08,Sat,0,0,0,0,0
2021-05-09,Sun,0,0,0,0,0
2021-05-10,Mon,1262,1,0,0,1
2021-05-11,Tue,1199,1,0,0,1
2021-05-12,Wed,3042,1,1,0,0
2021-05-13,Thu,1955,1,1,0,0
2021-05-14,Fri,0,0,0,0,0
2021-05-15,Sat,0,0,0,0,0
2021-05-16,Sun,0,0,0,0,0
2021-05-17,Mon,1354,1,1,0,0
2021-05-18,Tue,914,1,0,0,1
2021-05-19,Wed,1589,1,1,0,0
2021-05-20,Thu,2457,1,1,0,0
2021-05-21,Fri,0,0,0,0,0
2021-05-22,Sat,0,0,0,0,0
2021-05-23,Sun,0,0,0,0,0
2021-05-24,Mon,1036,1,0,0,1
2021-05-25,Tue,1669,1,1,0,0
2021-05-26,Wed,1481,1,1,0,0
2021-05-27,Thu,1708,1,1,0,0
2021-05-28,Fri,0,0,0,0,0
2021-05-29,Sat,0,0,0,0,0
2021-05-30,Sun,0,0,0,0,0
2021-05-31,Mon,641,1,0,0,1
2021-06-01,Tue,800,1,0,0,1
2021-06-02,Wed,2152,1,1,0,0
2021-06-03,Thu,0,0,0,0,0
2021-06-04,Fri,0,0,0,0,0
2021-06-05,Sat,0,0,0,0,0
2021-06-06,Sun,0,0,0,0,0
2021-06-07,Mon,758,1,0,0,1
2021-06-08,Tue,1708,1,1,0,0
2021-06-09,Wed,1629,1,1,0,0
2021-06-10,Thu,0,0,0,0,0
2021-06-11,Fri,0,0,0,0,0
2021-06-12,Sat,0,0,0,0,0
2021-06-13,Sun,0,0,0,0,0
2021-06-14,Mon,1006,1,1,0,0
2021-06-15,Tue,797,1,0,0,1
2021-06-16,Wed,1926,1,1,0,0
2021-06-17,Thu,2002,1,1,0,0
2021-06-18,Fri,0,0,0,0,0
2021-06-19,Sat,0,0,0,0,0
2021-06-20,Sun,0,0,0,0,0
2021-06-21,Mon,897,1,1,0,0
2021-06-22,Tue,1222,1,0,0,1
2021-06-23,Wed,2108,1,1,0,0
2021-06-24,Thu,0,0,0,0,0
2021-06-25,Fri,0,0,0,0,0
2021-06-26,Sat,0,0,0,0,0
2021-06-27,Sun,0,0,0,0,0
2021-06-28,Mon,956,1,0,0,1
2021-06-29,Tue,1523,1,1,0,0
2021-06-30,Wed,0,0,0,0,0
2021-07-01,Thu,0,0,0,0,0
2021-07-02,Fri,0,0,0,0,0
2021-07-03,Sat,0,0,0,0,0
2021-07-04,Sun,0,0,0,0,0
2021-07-05,Mon,989,1,1,0,0
2021-07-06,Tue,1343,1,1,0,0
2021-07-07,Wed,1777,1,1,0,0
2021-07-08,Thu,0,0,0,0,0
2021-07-09,Fri,0,0,0,0,0
2021-07-10,Sat,0,0,0,0,0
2021-07-11,Sun,0,0,0,0,0
2021-07-12,Mon,921,1,1,0,0
2021-07-13,Tue,0,0,0,0,0
2021-07-14,Wed,0,0,0,0,0
2021-07-15,Thu,0,0,0,0,0
2021-07-16,Fri,0,0,0,0,0
2021-07-17,Sat,0,0,0,0,0
2021-07-18,Sun,0,0,0,0,0
2021-07-19,Mon,925,1,0,0,0
2021-07-20,Tue,1072,1,1,0,0
2021-07-21,Wed,1722,1,1,0,0
2021-07-22,Thu,0,0,0,0,0
2021-07-23,Fri,0,0,0,0,0
2021-07-24,Sat,0,0,0,0,0
2021-07-25,Sun,0,0,0,0,0
2021-07-26,Mon,920,1,1,0,0
2021-07-27,Tue,844,1,1,0,0
2021-07-28,Wed,0,0,0,0,0
2021-07-29,Thu,0,0,0,0,0
2021-07-30,Fri,0,0,0,0,0
2021-07-31,Sat,0,0,0,0,0
2021-08-01,Sun,0,0,0,0,0
2021-08-02,Mon,944,1,0,0,1
2021-08-03,Tue,1373,1,1,0,0
2021-08-04,Wed,1883,1,1,0,0
2021-08-05,Thu,0,0,0,0,0
2021-08-06,Fri,0,0,0,0,0
2021-08-07,Sat,0,0,0,0,0
2021-08-08,Sun,0,0,0,0,0
2021-08-09,Mon,1314,1,1,0,0
2021-08-10,Tue,1346,1,1,0,0
2021-08-11,Wed,1516,1,0,0,1
2021-08-12,Thu,0,0,0,0,0
2021-08-13,Fri,8,0,0,0,0
2021-08-14,Sat,0,0,0,0,0
2021-08-15,Sun,0,0,0,0,0
2021-08-16,Mon,1143,1,1,0,0
2021-08-17,Tue,1409,1,1,0,0
2021-08-18,Wed,0,0,0,0,0
2021-08-19,Thu,0,0,0,0,0
2021-08-20,Fri,0,0,0,0,0
2021-08-21,Sat,0,0,0,0,0
2021-08-22,Sun,0,0,0,0,0
2021-08-23,Mon,1325,1,1,0,0
2021-08-24,Tue,1135,1,1,0,0
2021-08-25,Wed,0,0,0,0,0
2021-08-26,Thu,0,0,0,0,0
2021-08-27,Fri,0,0,0,0,0
2021-08-28,Sat,0,0,0,0,0
2021-08-29,Sun,0,0,0,0,0
2021-08-30,Mon,1424,1,1,0,0
2021-08-31,Tue,1489,1,1,0,0
2021-09-01,Wed,0,0,0,0,0
2021-09-02,Thu,0,0,0,0,0
2021-09-03,Fri,0,0,0,0,0
2021-09-04,Sat,0,0,0,0,0
2021-09-05,Sun,0,0,0,0,0
2021-09-06,Mon,1303,1,1,0,0
2021-09-07,Tue,0,0,0,0,0
2021-09-08,Wed,0,0,0,0,0
2021-09-09,Thu,0,0,0,0,0
2021-09-10,Fri,0,0,0,0,0
2021-09-11,Sat,0,0,0,0,0
2021-09-12,Sun,0,0,0,0,0
2021-09-13,Mon,1120,0,0,0,0
2021-09-14,Tue,477,0,0,0,0
2021-09-15,Wed,0,0,0,0,0
2021-09-16,Thu,0,0,0,0,0
2021-09-17,Fri,0,0,0,0,0
2021-09-18,Sat,0,0,0,0,0
2021-09-19,Sun,0,0,0,0,0
2021-09-20,Mon,931,1,0,0,1
2021-09-21,Tue,1337,1,1,0,0
2021-09-22,Wed,0,0,0,0,0
2021-09-23,Thu,0,0,0,0,0
2021-09-24,Fri,0,0,0,0,0
2021-09-25,Sat,0,0,0,0,0
2021-09-26,Sun,0,0,0,0,0
2021-09-27,Mon,759,1,1,0,0
2021-09-28,Tue,1784,0,1,0,0
2021-09-29,Wed,1656,1,1,0,0
2021-09-30,Thu,0,0,0,0,0
2021-10-01,Fri,0,0,0,0,0
2021-10-02,Sat,0,0,0,0,0
2021-10-03,Sun,0,0,0,0,0
2021-10-04,Mon,721,1,0,0,1
2021-10-05,Tue,1512,1,0,0,1
2021-10-06,Wed,2892,1,1,0,0
2021-10-07,Thu,0,0,0,0,0
2021-10-08,Fri,0,0,0,0,0
2021-10-09,Sat,0,0,0,0,0
2021-10-10,Sun,0,0,0,0,0
2021-10-11,Mon,996,1,0,0,1
2021-10-12,Tue,957,1,0,0,1
2021-10-13,Wed,2947,1,1,0,0
2021-10-14,Thu,0,0,0,0,0
2021-10-15,Fri,0,0,0,0,0
2021-10-16,Sat,0,0,0,0,0
2021-10-17,Sun,0,0,0,0,0
2021-10-18,Mon,1024,1,1,0,0
2021-10-19,Tue,1321,1,1,0,0
2021-10-20,Wed,0,0,0,0,0
2021-10-21,Thu,0,0,0,0,0
2021-10-22,Fri,0,0,0,0,0
2021-10-23,Sat,0,0,0,0,0
2021-10-24,Sun,0,0,0,0,0
2021-10-25,Mon,1120,1,1,0,0
2021-10-26,Tue,1385,1,1,0,0
2021-10-27,Wed,0,0,0,0,0
2021-10-28,Thu,0,0,0,0,0
2021-10-29,Fri,0,0,0,0,0
2021-10-30,Sat,0,0,0,0,0
2021-10-31,Sun,124,0,0,0,0
2021-11-01,Mon,759,1,0,0,1
2021-11-02,Tue,1846,1,1,0,0
2021-11-03,Wed,1668,1,1,0,0
2021-11-04,Thu,0,0,0,0,0
2021-11-05,Fri,0,0,0,0,0
2021-11-06,Sat,0,0,0,0,0
2021-11-07,Sun,0,0,0,0,0
2021-11-08,Mon,1103,1,1,0,0
2021-11-09,Tue,0,0,0,0,0
2021-11-10,Wed,0,0,0,0,0
2021-11-11,Thu,0,0,0,0,0
2021-11-12,Fri,0,0,0,0,0
2021-11-13,Sat,0,0,0,0,0
2021-11-14,Sun,0,0,0,0,0
2021-11-15,Mon,1129,1,1,0,0
2021-11-16,Tue,0,0,0,0,0
2021-11-17,Wed,0,0,0,0,0
2021-11-18,Thu,0,0,0,0,0
2021-11-19,Fri,0,0,0,0,0
2021-11-20,Sat,0,0,0,0,0
2021-11-21,Sun,0,0,0,0,0
2021-11-22,Mon,0,0,0,0,0
2021-11-23,Tue,0,0,0,0,0
2021-11-24,Wed,0,0,0,0,0
2021-11-25,Thu,0,0,0,0,0
2021-11-26,Fri,0,0,0,0,0
2021-11-27,Sat,0,0,0,0,0
2021-11-28,Sun,0,0,0,0,0
2021-11-29,Mon,1096,1,0,0,0
2021-11-30,Tue,0,0,0,0,0
2021-12-01,Wed,0,0,0,0,0
2021-12-02,Thu,0,0,0,0,0
2021-12-03,Fri,0,0,0,0,0
2021-12-04,Sat,0,0,0,0,0
2021-12-05,Sun,0,0,0,0,0
2021-12-06,Mon,1064,1,1,0,0
2021-12-07,Tue,0,0,0,0,0
2021-12-08,Wed,0,0,0,0,0
2021-12-09,Thu,0,0,0,0,0
2021-12-10,Fri,0,0,0,0,0
2021-12-11,Sat,0,0,0,0,0
2021-12-12,Sun,0,0,0,0,0
2021-12-13,Mon,661,1,0,0,0
2021-12-14,Tue,926,1,1,0,0
2021-12-15,Wed,0,0,0,0,0
2021-12-16,Thu,0,0,0,0,0
2021-12-17,Fri,0,0,0,0,0
2021-12-18,Sat,0,0,0,0,0
2021-12-19,Sun,0,0,0,0,0
2021-12-20,Mon,1128,1,1,0,0
2021-12-21,Tue,1294,0,0,0,0
2021-12-22,Wed,0,0,0,0,0
2021-12-23,Thu,0,0,0,0,0
2021-12-24,Fri,0,0,0,0,0
2021-12-25,Sat,0,0,0,0,0
2021-12-26,Sun,0,0,0,0,0
2021-12-27,Mon,869,1,1,0,0
2021-12-28,Tue,317,0,0,0,0
2021-12-29,Wed,0,0,0,0,0
2021-12-30,Thu,0,0,0,0,0
2021-12-31,Fri,0,0,0,0,0
2022-01-01,Sat,0,0,0,0,0
2022-01-02,Sun,0,0,0,0,0
2022-01-03,Mon,0,0,0,0,0
2022-01-04,Tue,0,0,0,0,0
2022-01-05,Wed,0,0,0,0,0
2022-01-06,Thu,0,0,0,0,0
2022-01-07,Fri,0,0,0,0,0
2022-01-08,Sat,0,0,0,0,0
2022-01-09,Sun,0,0,0,0,0
2022-01-10,Mon,643,1,0,0,0
2022-01-11,Tue,1661,1,1,0,0
2022-01-12,Wed,0,0,0,0,0
2022-01-13,Thu,0,0,0,0,0
2022-01-14,Fri,0,0,0,0,0
2022-01-15,Sat,0,0,0,0,0
2022-01-16,Sun,0,0,0,0,0
2022-01-17,Mon,0,0,0,0,0
2022-01-18,Tue,0,0,0,0,0
2022-01-19,Wed,0,0,0,0,0
2022-01-20,Thu,0,0,0,0,0
2022-01-21,Fri,0,0,0,0,0
2022-01-22,Sat,0,0,0,0,0
2022-01-23,Sun,0,0,0,0,0
2022-01-24,Mon,0,0,0,0,0
2022-01-25,Tue,0,0,0,0,0
2022-01-26,Wed,0,0,0,0,0
2022-01-27,Thu,0,0,0,0,0
2022-01-28,Fri,0,0,0,0,0
2022-01-29,Sat,0,0,0,0,0
2022-01-30,Sun,0,0,0,0,0
2022-01-31,Mon,983,1,1,0,0
2022-02-01,Tue,0,0,0,0,0
2022-02-02,Wed,0,0,0,0,0
2022-02-03,Thu,0,0,0,0,0
2022-02-04,Fri,0,0,0,0,0
2022-02-05,Sat,0,0,0,0,0
2022-02-06,Sun,0,0,0,0,0
2022-02-07,Mon,656,1,0,0,1
2022-02-08,Tue,0,0,0,0,0
2022-02-09,Wed,0,0,0,0,0
2022-02-10,Thu,0,0,0,0,0
2022-02-11,Fri,0,0,0,0,0
2022-02-12,Sat,0,0,0,0,0
2022-02-13,Sun,0,0,0,0,0
2022-02-14,Mon,808,1,0,0,1
2022-02-15,Tue,0,0,0,0,0
2022-02-16,Wed,0,0,0,0,0
2022-02-17,Thu,0,0,0,0,0
2022-02-18,Fri,0,0,0,0,0
2022-02-19,Sat,0,0,0,0,0
2022-02-20,Sun,0,0,0,0,0
2022-02-21,Mon,1108,1,1,0,0
2022-02-22,Tue,0,0,0,0,0
2022-02-23,Wed,0,0,0,0,0
2022-02-24,Thu,0,0,0,0,0
2022-02-25,Fri,0,0,0,0,0
2022-02-26,Sat,0,0,0,0,0
2022-02-27,Sun,0,0,0,0,0
2022-02-28,Mon,762,0,0,0,0
2022-03-01,Tue,0,0,0,0,0
2022-03-02,Wed,0,0,0,0,0
2022-03-03,Thu,0,0,0,0,0
2022-03-04,Fri,0,0,0,0,0
2022-03-05,Sat,0,0,0,0,0
2022-03-06,Sun,0,0,0,0,0
2022-03-07,Mon,773,1,0,0,0
2022-03-08,Tue,700,1,1,0,0
2022-03-09,Wed,0,0,0,0,0
2022-03-10,Thu,0,0,0,0,0
2022-03-11,Fri,0,0,0,0,0
2022-03-12,Sat,0,0,0,0,0
2022-03-13,Sun,0,0,0,0,0
2022-03-14,Mon,744,1,0,0,1
2022-03-15,Tue,1277,1,1,0,0
2022-03-16,Wed,0,0,0,0,0
2022-03-17,Thu,0,0,0,0,0
2022-03-18,Fri,0,0,0,0,0
2022-03-19,Sat,0,0,0,0,0
2022-03-20,Sun,0,0,0,0,0
2022-03-21,Mon,1810,1,1,0,0
2022-03-22,Tue,1025,1,1,0,0
2022-03-23,Wed,0,0,0,0,0
2022-03-24,Thu,0,0,0,0,0
2022-03-25,Fri,0,0,0,0,0
2022-03-26,Sat,0,0,0,0,0
2022-03-27,Sun,0,0,0,0,0
2022-03-28,Mon,924,1,0,0,0
2022-03-29,Tue,0,0,0,0,0
2022-03-30,Wed,0,0,0,0,0
2022-03-31,Thu,0,0,0,0,0
2022-04-01,Fri,0,0,0,0,0
2022-04-02,Sat,0,0,0,0,0
2022-04-03,Sun,0,0,0,0,0
2022-04-04,Mon,1305,1,1,0,0
2022-04-05,Tue,0,0,0,0,0
2022-04-06,Wed,0,0,0,0,0
2022-04-07,Thu,0,0,0,0,0
2022-04-08,Fri,0,0,0,0,0
2022-04-09,Sat,0,0,0,0,0
2022-04-10,Sun,0,0,0,0,0
2022-04-11,Mon,1118,1,1,0,0
2022-04-12,Tue,0,0,0,0,0
2022-04-13,Wed,0,0,0,0,0
2022-04-14,Thu,0,0,0,0,0
2022-04-15,Fri,0,0,0,0,0
2022-04-16,Sat,0,0,0,0,0
2022-04-17,Sun,0,0,0,0,0
2022-04-18,Mon,1114,1,0,0,0
2022-04-19,Tue,0,0,0,0,0
2022-04-20,Wed,0,0,0,0,0
2022-04-21,Thu,0,0,0,0,0
2022-04-22,Fri,0,0,0,0,0
2022-04-23,Sat,0,0,0,0,0
2022-04-24,Sun,0,0,0,0,0
2022-04-25,Mon,845,1,0,0,1
2022-04-26,Tue,0,0,0,0,0
2022-04-27,Wed,0,0,0,0,0
2022-04-28,Thu,0,0,0,0,0
2022-04-29,Fri,0,0,0,0,0
2022-04-30,Sat,0,0,0,0,0
2022-05-01,Sun,0,0,0,0,0
2022-05-02,Mon,675,1,0,0,0
2022-05-03,Tue,0,0,0,0,0
2022-05-04,Wed,0,0,0,0,0
2022-05-05,Thu,0,0,0,0,0
2022-05-06,Fri,0,0,0,0,0
2022-05-07,Sat,0,0,0,0,0
2022-05-08,Sun,0,0,0,0,0
2022-05-09,Mon,1239,1,1,0,0
2022-05-10,Tue,0,0,0,0,0
2022-05-11,Wed,0,0,0,0,0
2022-05-12,Thu,0,0,0,0,0
2022-05-13,Fri,0,0,0,0,0
2022-05-14,Sat,0,0,0,0,0
2022-05-15,Sun,0,0,0,0,0
2022-05-16,Mon,627,1,0,0,1
2022-05-17,Tue,453,0,0,0,0
2022-05-18,Wed,0,0,0,0,0
2022-05-19,Thu,0,0,0,0,0
2022-05-20,Fri,0,0,0,0,0
2022-05-21,Sat,0,0,0,0,0
2022-05-22,Sun,0,0,0,0,0
2022-05-23,Mon,1125,1,1,0,0
2022-05-24,Tue,0,0,0,0,0
2022-05-25,Wed,0,0,0,0,0
2022-05-26,Thu,0,0,0,0,0
2022-05-27,Fri,0,0,0,0,0
2022-05-28,Sat,0,0,0,0,0
2022-05-29,Sun,0,0,0,0,0
2022-05-30,Mon,597,1,0,0,1
2022-05-31,Tue,0,0,0,0,0
2022-06-01,Wed,0,0,0,0,0
2022-06-02,Thu,0,0,0,0,0
2022-06-03,Fri,0,0,0,0,0
2022-06-04,Sat,0,0,0,0,0
2022-06-05,Sun,0,0,0,0,0
2022-06-06,Mon,925,1,0,0,0
2022-06-07,Tue,0,0,0,0,0
2022-06-08,Wed,0,0,0,0,0
2022-06-09,Thu,0,0,0,0,0
2022-06-10,Fri,0,0,0,0,0
2022-06-11,Sat,0,0,0,0,0
2022-06-12,Sun,0,0,0,0,0
2022-06-13,Mon,913,1,0,0,0
2022-06-14,Tue,0,0,0,0,0
2022-06-15,Wed,0,0,0,0,0
2022-06-16,Thu,0,0,0,0,0
2022-06-17,Fri,0,0,0,0,0
2022-06-18,Sat,0,0,0,0,0
2022-06-19,Sun,0,0,0,0,0
2022-06-20,Mon,1128,1,0,0,0
2022-06-21,Tue,5,0,0,0,0
2022-06-22,Wed,0,0,0,0,0
2022-06-23,Thu,0,0,0,0,0
2022-06-24,Fri,0,0,0,0,0
2022-06-25,Sat,0,0,0,0,0
2022-06-26,Sun,0,0,0,0,0
2022-06-27,Mon,787,1,0,0,1
2022-06-28,Tue,1315,1,1,0,0
2022-06-29,Wed,1255,0,0,0,0
2022-06-30,Thu,95,0,0,0,0
2022-07-01,Fri,0,0,0,0,0
2022-07-02,Sat,0,0,0,0,0
2022-07-03,Sun,0,0,0,0,0
2022-07-04,Mon,668,0,0,0,0
2022-07-05,Tue,1525,1,0,0,0
2022-07-06,Wed,0,0,0,0,0
2022-07-07,Thu,0,0,0,0,0
2022-07-08,Fri,0,0,0,0,0
2022-07-09,Sat,0,0,0,0,0
2022-07-10,Sun,0,0,0,0,0
2022-07-11,Mon,660,1,0,0,1
2022-07-12,Tue,1725,1,1,0,0
2022-07-13,Wed,2099,1,1,0,0
2022-07-14,Thu,22,0,0,0,0
2022-07-15,Fri,0,0,0,0,0
2022-07-16,Sat,0,0,0,0,0
2022-07-17,Sun,0,0,0,0,0
2022-07-18,Mon,1116,1,1,0,0
2022-07-19,Tue,2015,1,1,0,0
2022-07-20,Wed,0,0,0,0,0
2022-07-21,Thu,0,0,0,0,0
2022-07-22,Fri,0,0,0,0,0
2022-07-23,Sat,0,0,0,0,0
2022-07-24,Sun,0,0,0,0,0
2022-07-25,Mon,1300,1,1,0,0
2022-07-26,Tue,1051,1,1,0,0
2022-07-27,Wed,0,0,0,0,0
2022-07-28,Thu,0,0,0,0,0
2022-07-29,Fri,0,0,0,0,0
2022-07-30,Sat,0,0,0,0,0
2022-07-31,Sun,0,0,0,0,0
2022-08-01,Mon,816,1,0,0,0
2022-08-02,Tue,0,0,0,0,0
2022-08-03,Wed,0,0,0,0,0
2022-08-04,Thu,0,0,0,0,0
2022-08-05,Fri,0,0,0,0,0
2022-08-06,Sat,0,0,0,0,0
2022-08-07,Sun,0,0,0,0,0
2022-08-08,Mon,986,1,0,0,1
2022-08-09,Tue,574,0,0,0,0
2022-08-10,Wed,0,0,0,0,0
2022-08-11,Thu,0,0,0,0,0
2022-08-12,Fri,0,0,0,0,0
2022-08-13,Sat,0,0,0,0,0
2022-08-14,Sun,0,0,0,0,0
2022-08-15,Mon,827,1,0,0,0
2022-08-16,Tue,1507,1,1,0,0
2022-08-17,Wed,0,0,0,0,0
2022-08-18,Thu,0,0,0,0,0
2022-08-19,Fri,0,0,0,0,0
2022-08-20,Sat,0,0,0,0,0
2022-08-21,Sun,0,0,0,0,0
2022-08-22,Mon,1063,1,1,0,0
2022-08-23,Tue,543,0,0,0,0
2022-08-24,Wed,0,0,0,0,0
2022-08-25,Thu,0,0,0,0,0
2022-08-26,Fri,0,0,0,0,0
2022-08-27,Sat,0,0,0,0,0
2022-08-28,Sun,0,0,0,0,0
2022-08-29,Mon,842,1,0,0,1
2022-08-30,Tue,1444,1,1,0,0
2022-08-31,Wed,0,0,0,0,0
2022-09-01,Thu,0,0,0,0,0
2022-09-02,Fri,0,0,0,0,0
2022-09-03,Sat,0,0,0,0,0
2022-09-04,Sun,0,0,0,0,0
2022-09-05,Mon,871,1,0,0,0
2022-09-06,Tue,1415,1,1,0,0
2022-09-07,Wed,0,0,0,0,0
2022-09-08,Thu,0,0,0,0,0
2022-09-09,Fri,0,0,0,0,0
2022-09-10,Sat,0,0,0,0,0
2022-09-11,Sun,0,0,0,0,0
2022-09-12,Mon,595,1,0,0,1
2022-09-13,Tue,1050,1,1,0,0
2022-09-14,Wed,0,0,0,0,0
2022-09-15,Thu,1957,0,1,0,0
2022-09-16,Fri,1498,0,1,0,0
2022-09-17,Sat,0,0,0,0,0
2022-09-18,Sun,0,0,0,0,0
2022-09-19,Mon,848,1,0,0,1
2022-09-20,Tue,1361,1,0,0,1
2022-09-21,Wed,1366,1,0,0,1
2022-09-22,Thu,1453,1,0,0,1
2022-09-23,Fri,4198,1,1,0,0
2022-09-24,Sat,0,0,0,0,0
2022-09-25,Sun,0,0,0,0,0
2022-09-26,Mon,454,1,0,0,1
2022-09-27,Tue,976,1,0,0,1
2022-09-28,Wed,3073,1,1,0,0
2022-09-29,Thu,2181,1,1,0,0
2022-09-30,Fri,0,0,0,0,0
2022-10-01,Sat,0,0,0,0,0
2022-10-02,Sun,0,0,0,0,0
2022-10-03,Mon,1340,1,0,0,1
2022-10-04,Tue,1316,1,1,0,0
2022-10-05,Wed,1234,1,1,0,0
2022-10-06,Thu,0,0,0,0,0
2022-10-07,Fri,0,0,0,0,0
2022-10-08,Sat,0,0,0,0,0
2022-10-09,Sun,0,0,0,0,0
2022-10-10,Mon,874,1,0,0,0
2022-10-11,Tue,1297,1,1,0,0
2022-10-12,Wed,0,0,0,0,0
2022-10-13,Thu,0,0,0,0,0
2022-10-14,Fri,0,0,0,0,0
2022-10-15,Sat,0,0,0,0,0
2022-10-16,Sun,0,0,0,0,0
2022-10-17,Mon,721,1,0,0,1
2022-10-18,Tue,1216,1,1,0,0
2022-10-19,Wed,1704,1,1,0,0
2022-10-20,Thu,0,0,0,0,0
2022-10-21,Fri,0,0,0,0,0
2022-10-22,Sat,0,0,0,0,0
2022-10-23,Sun,0,0,0,0,0
2022-10-24,Mon,1282,1,1,0,0
2022-10-25,Tue,980,1,0,0,1
2022-10-26,Wed,2754,1,1,0,0
2022-10-27,Thu,0,0,0,0,0
2022-10-28,Fri,0,0,0,0,0
2022-10-29,Sat,0,0,0,0,0
2022-10-30,Sun,0,0,0,0,0
2022-10-31,Mon,654,1,0,0,1
2022-11-01,Tue,1831,1,0,0,1
2022-11-02,Wed,2746,1,1,0,0
2022-11-03,Thu,0,0,0,0,0
2022-11-04,Fri,0,0,0,0,0
2022-11-05,Sat,0,0,0,0,0
2022-11-06,Sun,0,0,0,0,0
2022-11-07,Mon,1095,1,1,0,0
2022-11-08,Tue,1058,0,0,0,0
2022-11-09,Wed,0,0,0,0,0
2022-11-10,Thu,0,0,0,0,0
2022-11-11,Fri,0,0,0,0,0
2022-11-12,Sat,0,0,0,0,0
2022-11-13,Sun,0,0,0,0,0
2022-11-14,Mon,713,1,0,0,1
2022-11-15,Tue,0,0,0,0,0
2022-11-16,Wed,0,0,0,0,0
2022-11-17,Thu,0,0,0,0,0
2022-11-18,Fri,0,0,0,0,0
2022-11-19,Sat,0,0,0,0,0
2022-11-20,Sun,0,0,0,0,0
2022-11-21,Mon,781,0,0,0,0
2022-11-22,Tue,0,0,0,0,0
2022-11-23,Wed,0,0,0,0,0
2022-11-24,Thu,0,0,0,0,0
2022-11-25,Fri,0,0,0,0,0
2022-11-26,Sat,0,0,0,0,0
2022-11-27,Sun,0,0,0,0,0
2022-11-28,Mon,1609,0,0,0,0
2022-11-29,Tue,0,0,0,0,0
2022-11-30,Wed,0,0,0,0,0
2022-12-01,Thu,0,0,0,0,0
2022-12-02,Fri,0,0,0,0,0
2022-12-03,Sat,0,0,0,0,0
2022-12-04,Sun,0,0,0,0,0
2022-12-05,Mon,976,1,1,0,0
2022-12-06,Tue,1930,1,1,0,0
2022-12-07,Wed,546,0,0,0,0
2022-12-08,Thu,0,0,0,0,0
2022-12-09,Fri,0,0,0,0,0
2022-12-10,Sat,0,0,0,0,0
2022-12-11,Sun,0,0,0,0,0
2022-12-12,Mon,581,1,0,0,0
2022-12-13,Tue,1326,1,1,0,0
2022-12-14,Wed,0,0,0,0,0
2022-12-15,Thu,0,0,0,0,0
2022-12-16,Fri,0,0,0,0,0
2022-12-17,Sat,0,0,0,0,0
2022-12-18,Sun,0,0,0,0,0
2022-12-19,Mon,1185,1,1,0,0
2022-12-20,Tue,1662,1,1,0,0
2022-12-21,Wed,0,0,0,0,0
2022-12-22,Thu,0,0,0,0,0
2022-12-23,Fri,0,0,0,0,0
2022-12-24,Sat,0,0,0,0,0
2022-12-25,Sun,1,0,0,0,0
2022-12-26,Mon,967,1,0,0,0
2022-12-27,Tue,445,0,0,0,0
2022-12-28,Wed,0,0,0,0,0
2022-12-29,Thu,0,0,0,0,0
2022-12-30,Fri,0,0,0,0,0
2022-12-31,Sat,1,0,0,0,0
2023-01-01,Sun,2,0,0,0,0
2023-01-02,Mon,576,1,0,0,1
2023-01-03,Tue,1719,1,1,0,0
2023-01-04,Wed,1585,1,1,0,0
2023-01-05,Thu,0,0,0,0,0
2023-01-06,Fri,0,0,0,0,0
2023-01-07,Sat,0,0,0,0,0
2023-01-08,Sun,0,0,0,0,0
2023-01-09,Mon,754,1,1,0,0
2023-01-10,Tue,916,1,1,0,0
2023-01-11,Wed,1394,1,1,0,0
2023-01-12,Thu,0,0,0,0,0
2023-01-13,Fri,0,0,0,0,0
2023-01-14,Sat,0,0,0,0,0
2023-01-15,Sun,0,0,0,0,0
2023-01-16,Mon,843,1,0,0,1
2023-01-17,Tue,1176,1,0,0,1
2023-01-18,Wed,1400,1,0,0,1
2023-01-19,Thu,2305,1,1,0,0
2023-01-20,Fri,0,0,0,0,0
2023-01-21,Sat,0,0,0,0,0
2023-01-22,Sun,0,0,0,0,0
2023-01-23,Mon,604,1,0,0,1
2023-01-24,Tue,1410,1,0,0,1
